sample,Skewness,Entropy,AUC
Sample_1,-0.506815236748803,5.82798573207947,1887.20275909115
Sample_2,-0.397997767576633,5.78724522789374,1873.61515282988
Sample_3,0.0450158293194279,5.81663576539858,2153.11636771802
Sample_4,1.51560919314785,5.77731789999923,853.845586533094
