Ladder,Sample_1,…,Ladder_2,Sample_7,Sample_8
2.56789,2.56789,…,2.46789,2.56789,2.56789
2.56234,2.56234,…,2.44234,2.56234,2.56234
1.83585,1.83585,…,1.43585,1.83585,1.83585
…,…,...,…,…,...
3.45456,2.56789,…,3.55456,2.56789,2.56789
