Ladder,Sample_1,Sample_2,Sample_3,Sample_4
2.56789,2.56789,2.56789,2.56789,2.56789
2.56234,2.56234,2.56234,2.56234,2.56234
1.83585,1.83585,1.83585,1.83585,1.83585
…,…,...,…,...
3.45456,2.56789,2.56789,2.56789,2.56789
